model,fold,mae_all,mae_peak,pinball_p90,composite,window,feature_set,n_features
ridge_resid,fold1,192.83884009656256,373.19830679383654,39.2514010280926,216.22919229205078,all_history,core,42
ridge_resid,fold2,122.38185964580428,165.50967374572497,23.52845382307202,115.54952271123403,all_history,core,42
ridge_resid,fold3,152.10584623425953,278.96984883022026,50.78330877951272,169.9005395220984,all_history,core,42
ridge_resid,fold4,111.61676112413096,196.19909821372482,20.464466022786958,118.7610032307403,all_history,core,42
ridge_direct,fold1,193.64494885987938,373.0885159878993,39.39880085722783,216.628789397755,all_history,core,42
ridge_direct,fold2,121.72447458724271,162.01849098782853,23.714881634555596,114.21076091688103,all_history,core,42
ridge_direct,fold3,151.36658209763186,276.4506842625689,50.38127916615624,168.69475216081787,all_history,core,42
ridge_direct,fold4,112.93831844505128,190.8526582420643,20.10909038550846,117.74677477224662,all_history,core,42
hgb_resid,fold1,173.37999283686844,313.9027772129419,64.1040111926875,193.6816318208543,all_history,core,42
hgb_resid,fold2,151.52175094233428,183.65416263254326,40.72165299588939,139.001454860108,all_history,core,42
hgb_resid,fold3,160.39544935394542,246.0572176952565,76.55018772089748,169.32492752972914,all_history,core,42
hgb_resid,fold4,122.92830006528177,225.9378852428168,36.54764823345018,136.55504525217597,all_history,core,42
xgb_resid,fold1,175.03494918346405,289.46976470947266,64.63037598290614,187.28447920115502,all_history,core,42
xgb_resid,fold2,157.08793172382173,203.9765557681813,43.662371544699575,148.46940690130515,all_history,core,42
xgb_resid,fold3,151.925701733856,235.15809362074907,61.826759297670336,158.87563081268675,all_history,core,42
xgb_resid,fold4,118.87713078728744,176.6264036402983,26.344755568922977,117.6954375995178,all_history,core,42
xgb_direct,fold1,200.52908179873512,354.4607364430147,83.24262004307337,223.25128584088665,all_history,core,42
xgb_direct,fold2,143.74816022600447,213.82151166130515,37.428685237339565,143.5062706588617,all_history,core,42
xgb_direct,fold3,162.44221641903832,263.19733743106616,79.93301520211357,176.16691247926173,all_history,core,42
xgb_direct,fold4,130.7625459943499,241.59219180836396,58.313672379993264,149.5216650156828,all_history,core,42
rf_resid,fold1,226.82285012607412,323.043769401218,123.10197552447504,234.94495098829748,all_history,core,42
rf_resid,fold2,162.5658273758024,204.3638463725158,68.03992159830639,156.20005191931722,all_history,core,42
rf_resid,fold3,144.88354962188293,241.68323252469588,64.96761359210802,157.94026728677184,all_history,core,42
rf_resid,fold4,145.9165899765286,165.81319083235238,58.045641191705464,134.31138047631111,all_history,core,42
ridge_resid,fold1,143.20456101080165,303.3889214106444,28.67536313299957,168.35402955519405,all_history,no_weather,71
ridge_resid,fold2,142.73626670311012,214.03040593378213,29.489490578307997,141.4751532473513,all_history,no_weather,71
ridge_resid,fold3,124.00246676422046,232.18874169132093,36.071573749315014,138.8721706393695,all_history,no_weather,71
ridge_resid,fold4,103.75645176433356,97.36389038686666,20.971443028110954,85.28168160384897,all_history,no_weather,71
ridge_direct,fold1,140.77289608530623,296.947512182695,27.577836629133678,164.98626902328834,all_history,no_weather,71
ridge_direct,fold2,141.38686276590607,209.99558890016283,29.183049610950363,139.52871797519194,all_history,no_weather,71
ridge_direct,fold3,124.10948702648535,230.70488799831526,36.1464789549916,138.49550570373557,all_history,no_weather,71
ridge_direct,fold4,104.46847396523279,87.53836704577198,21.285563938944442,82.75285988413687,all_history,no_weather,71
hgb_resid,fold1,178.27696056572492,408.2805615635723,79.32974098445258,227.48859694882466,all_history,no_weather,71
hgb_resid,fold2,152.16917976986875,155.7272043746745,42.29457300862657,131.26166579906206,all_history,no_weather,71
hgb_resid,fold3,124.790571914076,263.58612762313646,53.3064912619516,152.13242249636923,all_history,no_weather,71
hgb_resid,fold4,122.59422915514837,132.24130797362469,22.828861034395914,105.53527917654077,all_history,no_weather,71
xgb_resid,fold1,185.68448347137087,392.20873574649585,80.6324581208825,226.6313540838107,all_history,no_weather,71
xgb_resid,fold2,153.17841165087052,137.16252951061026,37.8173246926557,125.30142961714948,all_history,no_weather,71
xgb_resid,fold3,146.70328151328223,271.58443047018613,54.411020938136744,165.7091740853243,all_history,no_weather,71
xgb_resid,fold4,110.55702178215697,162.07114275764016,23.520742951667017,108.60400230870394,all_history,no_weather,71
xgb_direct,fold1,209.75280943371,403.948486328125,93.64723294939311,244.7903972051711,all_history,no_weather,71
xgb_direct,fold2,153.62989516485305,146.99218031939338,35.5867309860956,128.02994787546368,all_history,no_weather,71
xgb_direct,fold3,158.1987264724005,279.5531221277574,74.58113766624813,177.88152740777707,all_history,no_weather,71
xgb_direct,fold4,116.50291987827846,84.50007539636948,27.84566492353166,89.17061554275641,all_history,no_weather,71
rf_resid,fold1,262.8123214416659,431.64171807258134,180.9035623127332,297.07938860515395,all_history,no_weather,71
rf_resid,fold2,165.696153606979,134.24281520750787,57.39059706878048,134.59904077949795,all_history,no_weather,71
rf_resid,fold3,169.49504193563277,271.36177566576873,88.42711955570898,183.8414775786888,all_history,no_weather,71
rf_resid,fold4,146.53479678437625,55.902891973479186,35.772384759908995,97.19274293621368,all_history,no_weather,71
ridge_resid,fold1,177.7999064001743,402.0958157071507,42.849242882418515,218.09854648871607,all_history,all,80
ridge_resid,fold2,146.34398200697026,233.49657344668157,33.062632479222266,149.83348953333405,all_history,all,80
ridge_resid,fold3,140.72954935624531,233.48927650388072,46.28346825399772,149.66825128008642,all_history,all,80
ridge_resid,fold4,102.63137935701714,154.32510919080073,21.419354643431205,101.89709336443502,all_history,all,80
ridge_direct,fold1,176.27215312073056,396.49362414768234,42.17679801194583,215.51952340705913,all_history,all,80
ridge_direct,fold2,144.46591931583845,229.9561161294357,32.744264240304545,147.76864734481086,all_history,all,80
ridge_direct,fold3,140.41639592606657,229.58564518030494,45.790507780136316,148.24199307315203,all_history,all,80
ridge_direct,fold4,102.22528802885058,150.14386780247185,21.049777788141366,100.36575991279513,all_history,all,80
hgb_resid,fold1,199.5790947857418,384.727146072474,92.74850742407862,233.7573926994288,all_history,all,80
hgb_resid,fold2,153.17974476549338,159.01408659474566,37.14401889024889,131.72290213922017,all_history,all,80
hgb_resid,fold3,145.0993055247437,246.61876801777217,61.34479726254712,158.8042426202129,all_history,all,80
hgb_resid,fold4,131.06206036913412,241.0867062208849,44.449211216326255,146.7468842940978,all_history,all,80
xgb_resid,fold1,166.41109874418802,327.5417812571806,65.69396565844615,194.60687688093742,all_history,all,80
xgb_resid,fold2,159.6367060769172,168.85768856721765,42.440323827287976,138.9637243740815,all_history,all,80
xgb_resid,fold3,121.38333377978276,242.85981570973115,38.999081646333494,141.34942793207742,all_history,all,80
xgb_resid,fold4,148.18496585318022,280.6332499560188,50.38825538933278,168.3601089912623,all_history,all,80
xgb_direct,fold1,214.83414604550316,399.4126551011029,85.4603929828462,244.3329481496517,all_history,all,80
xgb_direct,fold2,158.16498238699776,145.63355928308823,36.33836043948219,130.04023106632178,all_history,all,80
xgb_direct,fold3,131.46662030901228,284.0645751953125,54.774335167294446,161.90754974655877,all_history,all,80
xgb_direct,fold4,124.69316791352772,238.10069364659927,51.54076893761045,144.08494583826572,all_history,all,80
rf_resid,fold1,232.72513474974485,366.22606871040796,149.63925514326147,256.1582390166471,all_history,all,80
rf_resid,fold2,166.5401749133335,136.15600300594394,55.14098508191716,135.14508537483337,all_history,all,80
rf_resid,fold3,150.22348970904628,266.589946141964,72.42415830379313,169.57356035787097,all_history,all,80
rf_resid,fold4,218.70146905900359,54.42912370744155,100.9605034735275,145.87157233643975,all_history,all,80
ridge_resid,fold1,443.6215288134453,796.3757846382059,251.65987911691568,511.05547562156755,from_2025_09_24,core,42
ridge_resid,fold2,129.56535119576262,138.83416263034377,24.968428202687175,111.42661002752187,from_2025_09_24,core,42
ridge_resid,fold3,135.13591802981836,244.8473394835653,43.22214005845967,149.6665888716707,from_2025_09_24,core,42
ridge_resid,fold4,236.45772773939402,107.38201943410616,41.27225985348196,158.69792167062525,from_2025_09_24,core,42
ridge_direct,fold1,386.5705306748969,734.0961646211426,208.9409881909772,455.30231236198665,from_2025_09_24,core,42
ridge_direct,fold2,128.15467769917618,145.25335505245803,24.57920997295322,112.56918735991614,from_2025_09_24,core,42
ridge_direct,fold3,135.04096136482434,244.82452680414966,43.44713360380567,149.6572654444182,from_2025_09_24,core,42
ridge_direct,fold4,223.30193662049655,98.98677312415109,39.5645242758377,149.25990510266115,from_2025_09_24,core,42
hgb_resid,fold1,157.27106329123922,339.8430758714815,93.07085371120469,199.202625149305,from_2025_09_24,core,42
hgb_resid,fold2,146.57879666435267,183.91586150977167,57.31266153672899,139.92668909245364,from_2025_09_24,core,42
hgb_resid,fold3,184.2019321772416,231.23581457563583,115.7888367514326,184.62947781159806,from_2025_09_24,core,42
hgb_resid,fold4,175.83156350555188,28.424373259963403,23.18521687499854,101.08013710576466,from_2025_09_24,core,42
xgb_resid,fold1,186.67650099417992,345.5539945714614,116.22981693181964,220.2504122548923,from_2025_09_24,core,42
xgb_resid,fold2,143.35643234281312,180.9897896261776,58.44997438877821,137.6651479370155,from_2025_09_24,core,42
xgb_resid,fold3,166.14031478904542,240.92711325252756,108.46148224407716,177.0405878190964,from_2025_09_24,core,42
xgb_resid,fold4,140.94777625231515,63.80132518095129,27.093247400337738,95.0329351605105,from_2025_09_24,core,42
xgb_direct,fold1,308.1439724876767,622.07178811466,246.00777655510674,389.89507798925774,from_2025_09_24,core,42
xgb_direct,fold2,149.1830607822963,225.39633358226104,70.36734594435919,156.28389965469827,from_2025_09_24,core,42
xgb_direct,fold3,156.95412917364212,258.0487634995404,116.90707623254687,179.27310888319255,from_2025_09_24,core,42
xgb_direct,fold4,127.95696948823475,89.44292135799633,35.568680259159635,97.92509720334819,from_2025_09_24,core,42
rf_resid,fold1,180.98379819702134,372.2520240309083,108.77897588375271,223.9233014845337,from_2025_09_24,core,42
rf_resid,fold2,143.24261962407542,171.53525229575058,58.74937879799787,134.83176126036244,from_2025_09_24,core,42
rf_resid,fold3,128.09917913924465,199.3923266715913,74.46513591648893,138.76031475439748,from_2025_09_24,core,42
rf_resid,fold4,219.80840392184118,204.3763822566898,69.78950891898552,185.17501842172462,from_2025_09_24,core,42
ridge_resid,fold1,281.2888593972019,574.441897082048,132.336930317459,339.44438488670716,from_2025_09_24,no_weather,71
ridge_resid,fold2,256.2888741665264,104.04938422420011,39.28412352675537,167.2160770558743,from_2025_09_24,no_weather,71
ridge_resid,fold3,129.61369552454906,134.8729993424234,28.065424435937352,110.88183245218902,from_2025_09_24,no_weather,71
ridge_resid,fold4,319.8660651572477,249.69649484693775,48.86922619009279,244.61582627072374,from_2025_09_24,no_weather,71
ridge_direct,fold1,264.1070859143033,553.0323828186522,120.16009013689286,321.9952758301259,from_2025_09_24,no_weather,71
ridge_direct,fold2,239.5243775803148,111.4049792929695,37.30779580211543,160.64524173847133,from_2025_09_24,no_weather,71
ridge_direct,fold3,130.98520961261727,135.5886685609758,27.497881941027583,111.66878176280689,from_2025_09_24,no_weather,71
ridge_direct,fold4,313.5006024180009,243.91944529736065,48.18790403234192,239.56371560467701,from_2025_09_24,no_weather,71
hgb_resid,fold1,163.31235782102536,365.8492470010734,94.35108950406865,210.28117091164845,from_2025_09_24,no_weather,71
hgb_resid,fold2,147.29287609804604,154.11250486863875,49.885670516101634,129.85732361283496,from_2025_09_24,no_weather,71
hgb_resid,fold3,156.22422541906553,261.1017473328385,85.2766208204596,173.49796107347623,from_2025_09_24,no_weather,71
hgb_resid,fold4,127.55313751803212,43.25098120314869,17.663612890941476,80.28458569814896,from_2025_09_24,no_weather,71
xgb_resid,fold1,173.4478922092489,320.8167482263902,109.08113167573299,204.7851969076881,from_2025_09_24,no_weather,71
xgb_resid,fold2,154.90824507212355,160.32345715691062,59.047513784092104,137.3606624399534,from_2025_09_24,no_weather,71
xgb_resid,fold3,163.22272365930536,288.83011559879077,92.4787971213176,186.75615593355343,from_2025_09_24,no_weather,71
xgb_resid,fold4,166.10798512753985,44.53355497472427,20.206393855448272,100.45533782727685,from_2025_09_24,no_weather,71
xgb_direct,fold1,292.80203501383465,589.961623247932,246.4916113417489,372.6878267496468,from_2025_09_24,no_weather,71
xgb_direct,fold2,163.43209802536737,186.7037784352022,67.37055898393903,151.20129434003215,from_2025_09_24,no_weather,71
xgb_direct,fold3,142.6378217424665,232.21658863740808,93.09093507494245,159.60207447744418,from_2025_09_24,no_weather,71
xgb_direct,fold4,209.69241659981864,98.08977912454044,24.33591765994117,139.1403255692597,from_2025_09_24,no_weather,71
rf_resid,fold1,210.98215295232603,370.0958772922977,140.05680401774697,244.53120046740173,from_2025_09_24,no_weather,71
rf_resid,fold2,169.39344921250358,123.88903379559618,51.61787749846882,132.18701024462442,from_2025_09_24,no_weather,71
rf_resid,fold3,176.93951325050278,263.2496357218508,96.1766284230083,186.67997302640828,from_2025_09_24,no_weather,71
rf_resid,fold4,215.09218715707433,142.26247008605523,38.55872107142932,157.9365788186396,from_2025_09_24,no_weather,71
ridge_resid,fold1,226.27475286430152,502.96438595131536,81.17280464719303,280.26125314698396,from_2025_09_24,all,80
ridge_resid,fold2,288.8042114657619,99.69719444807048,43.83655777684515,183.0785756226711,from_2025_09_24,all,80
ridge_resid,fold3,140.30582647117222,129.9124959421506,35.31252401282813,116.18916682079691,from_2025_09_24,all,80
ridge_resid,fold4,309.70239750795525,239.77683399284382,47.78557006538678,236.34136296490811,from_2025_09_24,all,80
ridge_direct,fold1,222.43292476206253,508.7796651398232,82.91199348222963,280.43276061942413,from_2025_09_24,all,80
ridge_direct,fold2,266.07693590866415,112.38699658088122,42.21782586154974,175.19813210090638,from_2025_09_24,all,80
ridge_direct,fold3,140.47977874734988,131.30761593557298,33.86630913078503,116.40543598050385,from_2025_09_24,all,80
ridge_direct,fold4,301.75893124071575,234.08650234920964,46.998470694182075,230.50511046395718,from_2025_09_24,all,80
hgb_resid,fold1,161.51301833403954,376.9511160289314,96.5315633392033,213.14815664353986,from_2025_09_24,all,80
hgb_resid,fold2,152.10525334763355,159.71176566118805,52.61593206853782,134.48934278588075,from_2025_09_24,all,80
hgb_resid,fold3,157.5190021530665,257.5003578400361,85.21286597132045,173.05218162280818,from_2025_09_24,all,80
hgb_resid,fold4,134.9332231042988,96.63686416242365,23.053469942038046,101.0683647892841,from_2025_09_24,all,80
xgb_resid,fold1,165.04198108116785,322.7927147360409,103.31469751491434,200.02174446437908,from_2025_09_24,all,80
xgb_resid,fold2,145.97443498152174,167.95944842170266,57.53009492612931,134.88107100249752,from_2025_09_24,all,80
xgb_resid,fold3,145.66801146914563,255.34017854578354,79.16288646311989,165.26863659093183,from_2025_09_24,all,80
xgb_resid,fold4,125.32488702193257,177.13376393037683,40.35668729872753,123.87391014982484,from_2025_09_24,all,80
xgb_direct,fold1,269.4315443493071,530.5327866498162,223.5456906491234,338.5847462994231,from_2025_09_24,all,80
xgb_direct,fold2,164.5360834030878,202.48703900505515,74.46068409511021,157.90629022208248,from_2025_09_24,all,80
xgb_direct,fold3,146.2240520658947,245.8853759765625,104.0261835030147,167.68287552651904,from_2025_09_24,all,80
xgb_direct,fold4,169.801877339681,52.30936207490809,30.876521229971022,106.76905153830714,from_2025_09_24,all,80
rf_resid,fold1,177.74282722445815,327.40949276620506,107.95755473886213,208.68577238986305,from_2025_09_24,all,80
rf_resid,fold2,174.47220519949747,124.5500852119693,52.70500823620759,135.14212981058105,from_2025_09_24,all,80
rf_resid,fold3,169.05722626149293,264.1314036614737,89.52942804387307,181.67391983796318,from_2025_09_24,all,80
rf_resid,fold4,306.5633060544229,147.85397210076584,130.16427676195562,223.67070000983233,from_2025_09_24,all,80
ridge_resid,fold1,583.9640775417427,933.9275324326985,368.8990467957864,645.9401078598382,from_2025_10_01,core,42
ridge_resid,fold2,129.62355092806752,227.70453343083742,26.972376789059375,138.51761085109683,from_2025_10_01,core,42
ridge_resid,fold3,127.92509545645113,251.11317958924332,41.7432576690169,147.64515313880193,from_2025_10_01,core,42
ridge_resid,fold4,278.60140782105674,150.07901055637606,46.798971036110814,193.68420128466335,from_2025_10_01,core,42
ridge_direct,fold1,464.0028428080285,804.7222013649745,264.8121206450433,526.3805059425152,from_2025_10_01,core,42
ridge_direct,fold2,128.83616067472389,230.60924997913366,26.97020416862076,138.99489616482617,from_2025_10_01,core,42
ridge_direct,fold3,125.18590754629973,248.00824840840934,41.78815381028038,145.35305905772873,from_2025_10_01,core,42
ridge_direct,fold4,266.8011906707393,143.4726861103533,45.42218950321505,185.52683906911864,from_2025_10_01,core,42
hgb_resid,fold1,183.53751715577104,358.2011348734545,110.34571669291766,221.29824237850542,from_2025_10_01,core,42
hgb_resid,fold2,156.92451467784198,225.21920243318323,68.51534106556821,159.7310862819896,from_2025_10_01,core,42
hgb_resid,fold3,164.03832029099433,238.92978279023774,108.01247201843424,175.30058938625533,from_2025_10_01,core,42
hgb_resid,fold4,147.3397368156969,38.838603411995074,23.515301010073216,90.02450963346162,from_2025_10_01,core,42
xgb_resid,fold1,197.33247731484119,383.9893116670496,126.43666928912911,239.1503660153613,from_2025_10_01,core,42
xgb_resid,fold2,160.80265921638124,202.8062136033002,72.42662615970487,155.72851892112166,from_2025_10_01,core,42
xgb_resid,fold3,145.16880876393546,254.74480752383963,99.07225420268163,168.82229747965596,from_2025_10_01,core,42
xgb_resid,fold4,156.2588581371875,58.51821405747358,25.88856123226029,100.86260553228789,from_2025_10_01,core,42
xgb_direct,fold1,304.50697326660156,602.4847627527573,250.75097813424614,383.14911108597715,from_2025_10_01,core,42
xgb_direct,fold2,182.5494384765625,331.5396513097426,106.33889896120343,212.0043944234447,from_2025_10_01,core,42
xgb_direct,fold3,171.66945957002184,243.26796587775735,115.95150151388985,182.00541985111607,from_2025_10_01,core,42
xgb_direct,fold4,123.87408628917876,130.65278535730698,48.76956647146316,110.8867920460741,from_2025_10_01,core,42
rf_resid,fold1,192.84863593300793,319.4987627041978,99.84671114838065,212.24328900743942,from_2025_10_01,core,42
rf_resid,fold2,153.53998225390916,174.66629062519016,59.45629690221344,141.0611376949543,from_2025_10_01,core,42
rf_resid,fold3,130.90126063199756,215.8797118671067,80.4891642555626,146.3123767272433,from_2025_10_01,core,42
rf_resid,fold4,211.19651582548354,125.51528824860259,52.52315619382816,153.75747562608817,from_2025_10_01,core,42
ridge_resid,fold1,348.23676526534064,664.2836835088777,181.1096550689107,409.62541869911576,from_2025_10_01,no_weather,71
ridge_resid,fold2,239.39540461281882,138.42871827354546,38.19988900586642,168.8662955896463,from_2025_10_01,no_weather,71
ridge_resid,fold3,128.8816027051999,159.13620730671786,30.75868670602326,118.33340088581996,from_2025_10_01,no_weather,71
ridge_resid,fold4,315.3865333975166,229.03592945305607,48.194082653241104,236.04286206532333,from_2025_10_01,no_weather,71
ridge_direct,fold1,303.80387645927976,606.0514151316362,151.4618859393259,364.00973995699593,from_2025_10_01,no_weather,71
ridge_direct,fold2,222.69835833869098,155.16341048707068,37.464677711005294,165.39113785766773,from_2025_10_01,no_weather,71
ridge_direct,fold3,129.5936272501163,159.859750672948,29.946689440885706,118.74407671511969,from_2025_10_01,no_weather,71
ridge_direct,fold4,311.07810124175984,229.77816683414665,47.74672360918269,234.02184539296044,from_2025_10_01,no_weather,71
hgb_resid,fold1,149.24639530582849,291.69049118244925,79.98371203153545,178.12708741395608,from_2025_10_01,no_weather,71
hgb_resid,fold2,161.03683393933179,161.0291977278485,56.28236061340524,140.0836484107015,from_2025_10_01,no_weather,71
hgb_resid,fold3,176.5672817045911,255.4430140447464,86.87871852929385,182.29228877157823,from_2025_10_01,no_weather,71
hgb_resid,fold4,157.57766358586565,25.98567107041882,18.564759531395254,90.29748502033752,from_2025_10_01,no_weather,71
xgb_resid,fold1,172.76925161338988,375.9445441750919,110.0327724461896,221.17454354846043,from_2025_10_01,no_weather,71
xgb_resid,fold2,165.40043175060833,172.9160893945133,69.3086174977216,148.4367661932025,from_2025_10_01,no_weather,71
xgb_resid,fold3,149.99976483200277,269.79970371021943,68.02362135908433,169.5445178008841,from_2025_10_01,no_weather,71
xgb_resid,fold4,159.7808690071106,49.74276374368107,19.46203876876405,98.70567138041243,from_2025_10_01,no_weather,71
xgb_direct,fold1,309.3102536882673,643.6134033203125,267.43465371177314,401.22607858258203,from_2025_10_01,no_weather,71
xgb_direct,fold2,181.28340039934432,294.13022030101104,94.33371748061407,197.74750978609828,from_2025_10_01,no_weather,71
xgb_direct,fold3,151.99427468436105,232.95680865119485,91.7039811515808,164.22497616785515,from_2025_10_01,no_weather,71
xgb_direct,fold4,210.68885875883558,62.58665556066177,27.457005517142154,129.61182715104476,from_2025_10_01,no_weather,71
rf_resid,fold1,193.90864107651092,335.93143071461805,121.21812363095121,221.9773744788311,from_2025_10_01,no_weather,71
rf_resid,fold2,176.97830511730402,133.23314917594053,64.82203620851318,141.4235045531368,from_2025_10_01,no_weather,71
rf_resid,fold3,148.4614334435374,251.03097195010977,64.20998044361407,162.38200439552443,from_2025_10_01,no_weather,71
rf_resid,fold4,220.24050624405086,162.75034404860818,39.35719803895787,166.81679594439947,from_2025_10_01,no_weather,71
ridge_resid,fold1,318.8211904491126,668.8861167713658,167.11270115717963,393.4989704874019,from_2025_10_01,all,80
ridge_resid,fold2,254.830905275104,144.97022032108106,43.83913395602498,179.67434552508132,from_2025_10_01,all,80
ridge_resid,fold3,136.19189405170368,165.22601886444622,36.09902324994248,124.8835573351742,from_2025_10_01,all,80
ridge_resid,fold4,322.27271378509715,251.3146700772664,48.5445472557534,246.23966736687916,from_2025_10_01,all,80
ridge_direct,fold1,282.91152541986634,608.3218964161929,141.83420132277337,352.3191718993457,from_2025_10_01,all,80
ridge_direct,fold2,233.08939493613573,165.56887235378807,43.32585382925528,174.88052994005534,from_2025_10_01,all,80
ridge_direct,fold3,136.02799023201555,166.0890598728857,34.74719537847717,124.79015215356893,from_2025_10_01,all,80
ridge_direct,fold4,317.1178338894105,252.16385295056418,48.13814014467092,243.8357008588087,from_2025_10_01,all,80
hgb_resid,fold1,163.1930588320845,319.1922330874191,94.56757526554276,196.26771439537652,from_2025_10_01,all,80
hgb_resid,fold2,156.72496996471705,179.206954047929,56.9552518061445,143.51562155796614,from_2025_10_01,all,80
hgb_resid,fold3,144.5892164339977,268.14835066025057,67.91868596162236,166.3228506073985,from_2025_10_01,all,80
hgb_resid,fold4,143.22842350090824,24.65518945013486,19.136189679509286,82.83800652139644,from_2025_10_01,all,80
xgb_resid,fold1,154.2329074428195,310.3031037274529,97.28284193867728,189.66395322738106,from_2025_10_01,all,80
xgb_resid,fold2,158.80476924031973,164.76988826078528,61.47687357626501,141.12872581364843,from_2025_10_01,all,80
xgb_resid,fold3,153.8721407960568,284.8633914274328,78.37868490223552,178.07082480670536,from_2025_10_01,all,80
xgb_resid,fold4,135.03709369543054,114.95442558737362,31.05860907533339,108.21659633899404,from_2025_10_01,all,80
xgb_direct,fold1,300.6009928385417,617.4982299804688,253.51175562449868,386.25231653831116,from_2025_10_01,all,80
xgb_direct,fold2,183.9590305146717,291.65137436810664,95.62280291148595,198.59948815006504,from_2025_10_01,all,80
xgb_direct,fold3,147.5582740420387,242.78492647058823,98.04140531494505,166.22289602518484,from_2025_10_01,all,80
xgb_direct,fold4,143.22743334089006,110.59202665441177,34.503473377227785,111.69201934221411,from_2025_10_01,all,80
rf_resid,fold1,185.68056680412695,333.32709214979246,112.22252441041421,215.28291592908406,from_2025_10_01,all,80
rf_resid,fold2,181.32138372338994,135.24313545090033,58.4196305861159,142.91755861418824,from_2025_10_01,all,80
rf_resid,fold3,138.96213001095788,254.2370204637735,59.79590119315946,157.71135138324289,from_2025_10_01,all,80
rf_resid,fold4,314.1340573627334,163.92757228641952,127.56801509677763,231.75890338664811,from_2025_10_01,all,80
ridge_resid,fold1,590.5054473844201,902.7839288821585,395.5164125465812,645.1911848661739,from_2025_11_01,core,42
ridge_resid,fold2,135.62792134232365,116.1511282103409,26.41823086150596,107.94294530656528,from_2025_11_01,core,42
ridge_resid,fold3,147.64575553451166,129.17322188835152,32.43870834283417,119.06258600232812,from_2025_11_01,core,42
ridge_resid,fold4,190.28629411278658,86.45230615313777,30.282244351789316,127.1352877726925,from_2025_11_01,core,42
ridge_direct,fold1,632.0213132046573,953.3615261943235,436.2684538834264,689.272805237311,from_2025_11_01,core,42
ridge_direct,fold2,139.66688178216384,154.81414876035865,26.216158260632444,121.520917171316,from_2025_11_01,core,42
ridge_direct,fold3,144.57971975916902,164.29770755204638,35.85041688696039,128.7492555225905,from_2025_11_01,core,42
ridge_direct,fold4,170.3827691998773,71.33149979037198,28.75917260649523,112.34266905834929,from_2025_11_01,core,42
hgb_resid,fold1,174.22102664369712,349.6646878941179,128.56383164155727,217.72268601839536,from_2025_11_01,core,42
hgb_resid,fold2,161.34916888879343,211.20736905292947,68.23490883145561,157.68377692656668,from_2025_11_01,core,42
hgb_resid,fold3,198.29555043312425,257.6148918431769,132.43435424211725,202.91911361793865,from_2025_11_01,core,42
hgb_resid,fold4,125.1030128576279,72.70315948350688,42.734562752797395,92.90936682442549,from_2025_11_01,core,42
xgb_resid,fold1,174.46721066995747,359.3028375962201,126.75903590925394,220.37626379569554,from_2025_11_01,core,42
xgb_resid,fold2,156.83725089437905,205.88112920873306,70.34727526695778,154.25241926320098,from_2025_11_01,core,42
xgb_resid,fold3,186.659396819726,227.45908131318933,116.93338679159235,184.95410016213827,from_2025_11_01,core,42
xgb_resid,fold4,127.15653400548867,178.35148755241843,60.40231391252507,129.16417605097487,from_2025_11_01,core,42
xgb_direct,fold1,293.5198000953311,618.188243192785,247.40321011679512,381.69701502886005,from_2025_11_01,core,42
xgb_direct,fold2,180.472172328404,391.91065171185664,118.68167743455797,231.54561716467057,from_2025_11_01,core,42
xgb_direct,fold3,168.8761447724842,285.5071016199449,139.63479530425298,198.01716193307618,from_2025_11_01,core,42
xgb_direct,fold4,107.58023943219867,66.44905000574448,38.95656798953102,81.51614831572888,from_2025_11_01,core,42
rf_resid,fold1,205.37705762242066,289.1249023139657,108.02630015649622,211.0312595366993,from_2025_11_01,core,42
rf_resid,fold2,161.14959960618467,195.209503521693,69.12894991676147,152.96344084295254,from_2025_11_01,core,42
rf_resid,fold3,216.70608427785174,251.10996893321158,153.09032514051248,214.30409784699185,from_2025_11_01,core,42
rf_resid,fold4,188.9978264476029,152.62085803923088,29.330936372196252,146.15135791000998,from_2025_11_01,core,42
ridge_resid,fold1,646.1553255397747,843.6207019645241,452.19747253709187,666.6033678666629,from_2025_11_01,no_weather,71
ridge_resid,fold2,387.2634244931525,160.25698318263863,50.102835003666684,251.72937420210118,from_2025_11_01,no_weather,71
ridge_resid,fold3,154.68306999078382,109.02223522499605,30.86300242797127,116.22080604848499,from_2025_11_01,no_weather,71
ridge_resid,fold4,139.78552814840046,63.92555675904685,25.05069863056056,94.0805708280264,from_2025_11_01,no_weather,71
ridge_direct,fold1,679.5774906099058,906.2466060622397,483.7001179147492,708.4027507065746,from_2025_11_01,no_weather,71
ridge_direct,fold2,328.4537464945038,110.6737034813846,44.450175952767324,206.31901948222074,from_2025_11_01,no_weather,71
ridge_direct,fold3,156.35506847844877,115.2697022623772,30.655485727784406,118.88954206349442,from_2025_11_01,no_weather,71
ridge_direct,fold4,131.84957107099405,56.63227088617572,24.56164149278375,87.82679509990648,from_2025_11_01,no_weather,71
hgb_resid,fold1,174.12876658458043,388.080005741243,132.47480807718907,229.98334663010093,from_2025_11_01,no_weather,71
hgb_resid,fold2,173.20502506892868,172.6938032563464,74.85119724098895,153.38089295956604,from_2025_11_01,no_weather,71
hgb_resid,fold3,168.9634296104827,274.917414727028,94.62888353270418,185.8827159298906,from_2025_11_01,no_weather,71
hgb_resid,fold4,99.57812060679213,118.20419289914537,34.14217689789079,92.07875355271783,from_2025_11_01,no_weather,71
xgb_resid,fold1,147.25126318048154,319.84520227768843,106.04113487632148,190.78741924881157,from_2025_11_01,no_weather,71
xgb_resid,fold2,165.44214937339225,168.82612443671508,74.3664872922429,148.24220947615922,from_2025_11_01,no_weather,71
xgb_resid,fold3,173.98944080940313,285.7325580821318,104.53529758795386,193.62154734693186,from_2025_11_01,no_weather,71
xgb_resid,fold4,108.51759021658273,141.89207245321836,39.40712722719426,104.70784228969572,from_2025_11_01,no_weather,71
xgb_direct,fold1,349.5921939668201,701.9703907686121,303.7625999600547,446.1397342060046,from_2025_11_01,no_weather,71
xgb_direct,fold2,189.3384221394857,287.6387580422794,106.89961141858781,202.34076076614423,from_2025_11_01,no_weather,71
xgb_direct,fold3,130.0346625191825,243.874267578125,102.09170473053341,158.59795247913542,from_2025_11_01,no_weather,71
xgb_direct,fold4,144.53328159877233,39.451516544117645,31.870808554149807,90.47625747345143,from_2025_11_01,no_weather,71
rf_resid,fold1,166.8407302507277,344.5847670330131,110.04943449113368,208.8056821334945,from_2025_11_01,no_weather,71
rf_resid,fold2,166.0504577738774,130.92208618970182,81.83179671793225,138.6682140874357,from_2025_11_01,no_weather,71
rf_resid,fold3,160.0921880057718,260.6679945092938,94.24515252667209,177.09552286100845,from_2025_11_01,no_weather,71
rf_resid,fold4,148.2723256559814,63.0301647501272,39.21595263774163,100.8884027805772,from_2025_11_01,no_weather,71
ridge_resid,fold1,532.4170763449855,785.1159999651346,342.23417901678624,570.1901739653904,from_2025_11_01,all,80
ridge_resid,fold2,334.4346419698687,119.58706340322047,44.60096120303132,212.01363224650677,from_2025_11_01,all,80
ridge_resid,fold3,180.80982661173442,101.68472369068175,34.71102744220862,127.85253590151346,from_2025_11_01,all,80
ridge_resid,fold4,118.02561390312829,138.31206598622083,23.967291855891727,105.29988511860874,from_2025_11_01,all,80
ridge_direct,fold1,593.3269279195135,875.8734751576415,398.66844811303974,639.1591961296572,from_2025_11_01,all,80
ridge_direct,fold2,291.3495213718845,119.33644857839731,40.8526882412939,189.64623290772022,from_2025_11_01,all,80
ridge_direct,fold3,173.82413445567795,96.37476465722808,32.97002256961415,122.41850113893022,from_2025_11_01,all,80
ridge_direct,fold4,111.37597779613948,117.80862170648206,22.509025088748487,95.53238042776407,from_2025_11_01,all,80
hgb_resid,fold1,178.54389679300914,374.27616714713116,134.9374321027976,228.54228496120342,from_2025_11_01,all,80
hgb_resid,fold2,160.4816879390245,173.4064349404262,68.65284545260265,145.99334354216066,from_2025_11_01,all,80
hgb_resid,fold3,165.6225668088272,238.65710743258222,87.30510062820933,171.86943575983014,from_2025_11_01,all,80
hgb_resid,fold4,135.8189038920203,256.7718118679153,92.10127125298898,163.36124975698255,from_2025_11_01,all,80
xgb_resid,fold1,179.0109359072078,375.1766895967371,131.95059741009203,228.44859431464343,from_2025_11_01,all,80
xgb_resid,fold2,158.55097564780763,171.0599280946395,69.82869390640491,144.55920503357663,from_2025_11_01,all,80
xgb_resid,fold3,156.25107934077582,272.25031145881206,88.34269606269896,177.46917232057132,from_2025_11_01,all,80
xgb_resid,fold4,120.36426256455127,184.0581549055436,61.008774603420775,127.60133267462287,from_2025_11_01,all,80
xgb_direct,fold1,336.71664356050036,677.8357938878677,289.01048673629765,429.51115729387,from_2025_11_01,all,80
xgb_direct,fold2,186.39721171061197,269.86294376148896,103.89006094887142,194.93550117352697,from_2025_11_01,all,80
xgb_direct,fold3,126.99159640357608,279.6000617532169,98.91636938095091,167.1590906039433,from_2025_11_01,all,80
xgb_direct,fold4,112.37761833554222,38.5532657398897,34.667071122669036,74.68820311427183,from_2025_11_01,all,80
rf_resid,fold1,159.46889434587848,331.4766401474613,101.62158510800724,199.50175623877905,from_2025_11_01,all,80
rf_resid,fold2,154.15432852391808,132.236389567691,65.48870770324254,129.84582267291484,from_2025_11_01,all,80
rf_resid,fold3,149.36336482086065,262.19449032033333,83.5915900345409,170.05834751343852,from_2025_11_01,all,80
rf_resid,fold4,236.34338379307212,69.24761181698183,118.7903807802674,162.70405159768407,from_2025_11_01,all,80
