timestamp_utc,pred_power_kw,pred_p90_kw
2026-01-01T00:00:00Z,870.312056,973.200772
2026-01-01T01:00:00Z,849.704269,898.427439
2026-01-01T02:00:00Z,861.564649,975.699019
2026-01-01T03:00:00Z,847.227029,983.11911
2026-01-01T04:00:00Z,857.055507,1003.423525
2026-01-01T05:00:00Z,865.255419,1024.202267
2026-01-01T06:00:00Z,818.78101,977.89825
2026-01-01T07:00:00Z,848.936903,998.642333
2026-01-01T08:00:00Z,896.127337,1045.575489
2026-01-01T09:00:00Z,904.997846,1061.435455
2026-01-01T10:00:00Z,968.475273,1061.416671
2026-01-01T11:00:00Z,977.99723,1068.698801
2026-01-01T12:00:00Z,984.324845,1055.608749
2026-01-01T13:00:00Z,992.310813,1058.593757
2026-01-01T14:00:00Z,1008.452724,1067.729313
2026-01-01T15:00:00Z,978.921029,1044.983124
2026-01-01T16:00:00Z,996.885392,1054.906044
2026-01-01T17:00:00Z,986.786355,1048.775765
2026-01-01T18:00:00Z,994.307987,1048.988232
2026-01-01T19:00:00Z,1016.660105,1085.767241
2026-01-01T20:00:00Z,1025.473772,1093.340246
2026-01-01T21:00:00Z,1011.905251,1089.771293
2026-01-01T22:00:00Z,1002.956808,1086.306349
2026-01-01T23:00:00Z,986.180135,1083.00122
2026-01-02T00:00:00Z,1029.723494,1075.383756
2026-01-02T01:00:00Z,1013.913783,1059.958886
2026-01-02T02:00:00Z,1001.891371,1059.509589
2026-01-02T03:00:00Z,992.571145,1066.22382
2026-01-02T04:00:00Z,992.994655,1069.883783
2026-01-02T05:00:00Z,993.810656,1069.911918
2026-01-02T06:00:00Z,988.436833,1065.427792
2026-01-02T07:00:00Z,1014.318067,1081.250828
2026-01-02T08:00:00Z,1018.808123,1081.816116
2026-01-02T09:00:00Z,1018.780439,1078.465668
2026-01-02T10:00:00Z,1014.686131,1072.619339
2026-01-02T11:00:00Z,1028.605792,1080.174533
2026-01-02T12:00:00Z,1040.091927,1067.725709
2026-01-02T13:00:00Z,1044.460172,1068.06246
2026-01-02T14:00:00Z,1055.286997,1067.04476
2026-01-02T15:00:00Z,1031.948963,1061.010136
2026-01-02T16:00:00Z,1043.552283,1064.137537
2026-01-02T17:00:00Z,1042.981719,1072.927381
2026-01-02T18:00:00Z,1050.023273,1065.926224
2026-01-02T19:00:00Z,1049.118845,1059.085978
2026-01-02T20:00:00Z,1056.393938,1069.211192
2026-01-02T21:00:00Z,1052.160622,1071.426394
2026-01-02T22:00:00Z,1032.129294,1055.210741
2026-01-02T23:00:00Z,1027.034077,1063.578383
2026-01-03T00:00:00Z,1008.934797,1047.607888
2026-01-03T01:00:00Z,1021.397426,1054.828654
2026-01-03T02:00:00Z,1021.448133,1064.078972
2026-01-03T03:00:00Z,1009.148049,1062.172695
2026-01-03T04:00:00Z,1003.878566,1054.978804
2026-01-03T05:00:00Z,991.128405,1037.168612
2026-01-03T06:00:00Z,976.136113,1013.524627
2026-01-03T07:00:00Z,976.805921,998.095918
2026-01-03T08:00:00Z,1008.794451,1026.321919
2026-01-03T09:00:00Z,980.681562,1001.266532
2026-01-03T10:00:00Z,964.894505,986.889614
2026-01-03T11:00:00Z,946.315997,965.927008
2026-01-03T12:00:00Z,857.696745,870.17002
2026-01-03T13:00:00Z,877.801117,889.460366
2026-01-03T14:00:00Z,860.124268,870.727408
2026-01-03T15:00:00Z,851.562225,868.49768
2026-01-03T16:00:00Z,839.369617,854.627563
2026-01-03T17:00:00Z,974.21054,997.116562
2026-01-03T18:00:00Z,958.157916,971.683989
2026-01-03T19:00:00Z,972.316355,976.20985
2026-01-03T20:00:00Z,975.300066,979.495933
2026-01-03T21:00:00Z,968.445656,973.756967
2026-01-03T22:00:00Z,869.540323,884.006166
2026-01-03T23:00:00Z,861.877681,877.574526
2026-01-04T00:00:00Z,811.661544,875.176393
2026-01-04T01:00:00Z,831.174193,893.048005
2026-01-04T02:00:00Z,832.156361,896.382961
2026-01-04T03:00:00Z,827.781164,895.21582
2026-01-04T04:00:00Z,826.525601,893.494332
2026-01-04T05:00:00Z,830.535588,896.950323
2026-01-04T06:00:00Z,819.137272,968.711989
2026-01-04T07:00:00Z,827.683571,889.95365
2026-01-04T08:00:00Z,828.806308,891.768148
2026-01-04T09:00:00Z,817.116261,880.97034
2026-01-04T10:00:00Z,807.095921,963.184333
2026-01-04T11:00:00Z,817.458087,978.01527
2026-01-04T12:00:00Z,844.005929,988.213891
2026-01-04T13:00:00Z,835.320036,983.488012
2026-01-04T14:00:00Z,833.633067,974.177288
2026-01-04T15:00:00Z,810.298695,970.774977
2026-01-04T16:00:00Z,808.358313,962.680867
2026-01-04T17:00:00Z,819.525753,889.564597
2026-01-04T18:00:00Z,820.060595,884.326017
2026-01-04T19:00:00Z,818.365585,879.485101
2026-01-04T20:00:00Z,832.452842,893.909861
2026-01-04T21:00:00Z,819.146245,879.560086
2026-01-04T22:00:00Z,803.207315,861.561927
2026-01-04T23:00:00Z,801.635973,861.790494
2026-01-05T00:00:00Z,798.733665,861.93685
2026-01-05T01:00:00Z,784.952141,844.175239
2026-01-05T02:00:00Z,778.068733,839.064384
2026-01-05T03:00:00Z,794.934878,860.574159
2026-01-05T04:00:00Z,799.797757,865.306774
2026-01-05T05:00:00Z,795.416028,859.785025
2026-01-05T06:00:00Z,795.814214,859.156135
2026-01-05T07:00:00Z,806.637788,867.730506
2026-01-05T08:00:00Z,809.103898,871.042577
2026-01-05T09:00:00Z,800.912634,863.950708
2026-01-05T10:00:00Z,803.341272,869.988161
2026-01-05T11:00:00Z,790.922748,857.670549
2026-01-05T12:00:00Z,790.7289,850.910704
2026-01-05T13:00:00Z,815.202847,878.857718
2026-01-05T14:00:00Z,815.190911,876.454196
2026-01-05T15:00:00Z,798.120105,865.838947
2026-01-05T16:00:00Z,805.199467,871.575601
2026-01-05T17:00:00Z,792.700073,861.523806
2026-01-05T18:00:00Z,796.388808,859.679031
2026-01-05T19:00:00Z,802.402729,863.068571
2026-01-05T20:00:00Z,816.749736,877.7695
2026-01-05T21:00:00Z,816.574578,877.284951
2026-01-05T22:00:00Z,814.615518,874.088558
2026-01-05T23:00:00Z,806.777932,867.553126
2026-01-06T00:00:00Z,789.365768,864.203197
2026-01-06T01:00:00Z,797.790972,871.302869
2026-01-06T02:00:00Z,799.223341,876.136565
2026-01-06T03:00:00Z,783.560602,863.006676
2026-01-06T04:00:00Z,786.880531,867.467028
2026-01-06T05:00:00Z,773.076115,852.108423
2026-01-06T06:00:00Z,766.391798,843.673186
2026-01-06T07:00:00Z,772.144942,847.498226
2026-01-06T08:00:00Z,779.079763,856.348407
2026-01-06T09:00:00Z,772.431251,850.079189
2026-01-06T10:00:00Z,776.074173,856.587773
2026-01-06T11:00:00Z,777.795311,858.433714
2026-01-06T12:00:00Z,792.129918,866.394748
2026-01-06T13:00:00Z,790.785077,864.879988
2026-01-06T14:00:00Z,796.567744,867.56288
2026-01-06T15:00:00Z,766.71024,841.687456
2026-01-06T16:00:00Z,766.737323,839.049723
2026-01-06T17:00:00Z,766.081314,841.636404
2026-01-06T18:00:00Z,770.534449,840.345478
2026-01-06T19:00:00Z,794.045716,864.050089
2026-01-06T20:00:00Z,799.795705,869.87697
2026-01-06T21:00:00Z,786.888227,855.078804
2026-01-06T22:00:00Z,820.841874,891.780308
2026-01-06T23:00:00Z,823.369771,1008.938507
2026-01-07T00:00:00Z,800.675813,870.4724
2026-01-07T01:00:00Z,823.521954,893.178691
2026-01-07T02:00:00Z,820.591459,894.441557
2026-01-07T03:00:00Z,798.716643,875.603506
2026-01-07T04:00:00Z,774.027248,964.171748
2026-01-07T05:00:00Z,767.828112,962.253856
2026-01-07T06:00:00Z,792.96619,871.137782
2026-01-07T07:00:00Z,773.295101,845.611011
2026-01-07T08:00:00Z,780.606943,854.712322
2026-01-07T09:00:00Z,796.569972,873.767976
2026-01-07T10:00:00Z,793.240152,872.949731
2026-01-07T11:00:00Z,815.302002,896.830744
2026-01-07T12:00:00Z,801.306893,979.459561
2026-01-07T13:00:00Z,825.027555,1010.872362
2026-01-07T14:00:00Z,797.868296,963.585238
2026-01-07T15:00:00Z,780.295996,851.252008
2026-01-07T16:00:00Z,793.797547,861.731336
2026-01-07T17:00:00Z,769.666607,837.885827
2026-01-07T18:00:00Z,784.826467,847.781149
2026-01-07T19:00:00Z,820.049097,883.666975
2026-01-07T20:00:00Z,823.252336,978.636466
2026-01-07T21:00:00Z,818.839441,885.519832
2026-01-07T22:00:00Z,820.293063,885.527231
2026-01-07T23:00:00Z,803.079034,868.265133
2026-01-08T00:00:00Z,862.760603,987.145467
2026-01-08T01:00:00Z,857.417568,986.268608
2026-01-08T02:00:00Z,847.442396,989.320108
2026-01-08T03:00:00Z,828.207106,895.26013
2026-01-08T04:00:00Z,828.250698,985.554885
2026-01-08T05:00:00Z,822.441972,889.747657
2026-01-08T06:00:00Z,807.906608,873.147708
2026-01-08T07:00:00Z,825.195938,889.158852
2026-01-08T08:00:00Z,816.280174,879.64141
2026-01-08T09:00:00Z,801.099172,861.572059
2026-01-08T10:00:00Z,834.811222,897.583663
2026-01-08T11:00:00Z,823.190971,883.156322
2026-01-08T12:00:00Z,842.800223,893.367404
2026-01-08T13:00:00Z,862.084928,964.571869
2026-01-08T14:00:00Z,853.027773,898.803815
2026-01-08T15:00:00Z,833.222819,884.452756
2026-01-08T16:00:00Z,874.703162,975.893733
2026-01-08T17:00:00Z,875.812225,990.875666
2026-01-08T18:00:00Z,889.497211,990.726979
2026-01-08T19:00:00Z,928.607188,1024.620751
2026-01-08T20:00:00Z,918.426531,1017.111005
2026-01-08T21:00:00Z,932.878823,1041.84567
2026-01-08T22:00:00Z,890.871603,1001.476768
2026-01-08T23:00:00Z,903.933553,1029.385592
2026-01-09T00:00:00Z,938.684065,1019.376488
2026-01-09T01:00:00Z,906.987636,983.507556
2026-01-09T02:00:00Z,895.061414,980.066682
2026-01-09T03:00:00Z,868.360269,968.390249
2026-01-09T04:00:00Z,848.974031,897.06972
2026-01-09T05:00:00Z,870.110338,969.697629
2026-01-09T06:00:00Z,844.913645,892.375935
2026-01-09T07:00:00Z,840.928367,883.526039
2026-01-09T08:00:00Z,833.507227,874.650186
2026-01-09T09:00:00Z,899.671858,980.911212
2026-01-09T10:00:00Z,890.584935,976.411104
2026-01-09T11:00:00Z,822.82746,863.369537
2026-01-09T12:00:00Z,921.705636,971.823325
2026-01-09T13:00:00Z,932.427091,986.466127
2026-01-09T14:00:00Z,920.152354,963.899517
2026-01-09T15:00:00Z,914.105885,973.995863
2026-01-09T16:00:00Z,963.204627,1018.228105
2026-01-09T17:00:00Z,917.234771,981.701824
2026-01-09T18:00:00Z,929.239948,974.810149
2026-01-09T19:00:00Z,984.976084,1027.437855
2026-01-09T20:00:00Z,1002.702625,1047.191955
2026-01-09T21:00:00Z,1022.483376,1082.257476
2026-01-09T22:00:00Z,1011.705405,1061.448981
2026-01-09T23:00:00Z,1015.434346,1091.033252
2026-01-10T00:00:00Z,1022.662159,1080.412444
2026-01-10T01:00:00Z,1019.556665,1075.824042
2026-01-10T02:00:00Z,1005.984754,1087.986164
2026-01-10T03:00:00Z,998.800149,1085.169367
2026-01-10T04:00:00Z,983.989162,1067.351616
2026-01-10T05:00:00Z,1001.653796,1078.868699
2026-01-10T06:00:00Z,991.479313,1064.897343
2026-01-10T07:00:00Z,1019.880079,1082.153455
2026-01-10T08:00:00Z,1015.406267,1079.263962
2026-01-10T09:00:00Z,1008.100144,1055.71816
2026-01-10T10:00:00Z,1028.287614,1082.035028
2026-01-10T11:00:00Z,1026.459936,1084.914292
2026-01-10T12:00:00Z,1015.764868,1062.710082
2026-01-10T13:00:00Z,1009.280174,1055.834372
2026-01-10T14:00:00Z,1030.894034,1076.449264
2026-01-10T15:00:00Z,1001.623098,1057.752226
2026-01-10T16:00:00Z,1002.985451,1054.060092
2026-01-10T17:00:00Z,1009.270363,1068.125851
2026-01-10T18:00:00Z,1010.936849,1064.03733
2026-01-10T19:00:00Z,1033.525857,1082.602146
2026-01-10T20:00:00Z,1052.606217,1100.855774
2026-01-10T21:00:00Z,1058.672925,1109.05922
2026-01-10T22:00:00Z,1061.428237,1109.937306
2026-01-10T23:00:00Z,1023.494283,1087.874506
2026-01-11T00:00:00Z,951.17228,1046.997787
2026-01-11T01:00:00Z,997.46642,1093.242173
2026-01-11T02:00:00Z,965.65461,1061.937417
2026-01-11T03:00:00Z,986.796571,1089.585766
2026-01-11T04:00:00Z,1011.229918,1115.568695
2026-01-11T05:00:00Z,1011.541382,1114.8147
2026-01-11T06:00:00Z,1010.921468,1112.731731
2026-01-11T07:00:00Z,1029.724659,1128.965204
2026-01-11T08:00:00Z,1054.896834,1157.182936
2026-01-11T09:00:00Z,1039.120627,1142.365826
2026-01-11T10:00:00Z,1039.45307,1147.409209
2026-01-11T11:00:00Z,996.266442,1101.975178
2026-01-11T12:00:00Z,991.584231,1087.765961
2026-01-11T13:00:00Z,991.059173,1089.517672
2026-01-11T14:00:00Z,961.369877,1053.992254
2026-01-11T15:00:00Z,1019.254594,1127.611654
2026-01-11T16:00:00Z,1003.505937,1107.720538
2026-01-11T17:00:00Z,994.40447,1102.4395
2026-01-11T18:00:00Z,1001.003581,1101.603603
2026-01-11T19:00:00Z,964.456757,1057.614523
2026-01-11T20:00:00Z,984.184419,1078.250545
2026-01-11T21:00:00Z,1001.378621,1096.596395
2026-01-11T22:00:00Z,995.912204,1089.174709
2026-01-11T23:00:00Z,1024.28268,1122.67896
2026-01-12T00:00:00Z,995.9144,1103.930527
2026-01-12T01:00:00Z,1001.350862,1104.430539
2026-01-12T02:00:00Z,998.865065,1104.405106
2026-01-12T03:00:00Z,951.722828,1055.322477
2026-01-12T04:00:00Z,958.004994,1061.960868
2026-01-12T05:00:00Z,963.285628,1066.710882
2026-01-12T06:00:00Z,967.53708,1070.200368
2026-01-12T07:00:00Z,927.424879,1090.896848
2026-01-12T08:00:00Z,969.164059,1068.951869
2026-01-12T09:00:00Z,945.80733,1044.884889
2026-01-12T10:00:00Z,941.397376,1045.013722
2026-01-12T11:00:00Z,978.934685,1089.9267
2026-01-12T12:00:00Z,965.922277,1065.897734
2026-01-12T13:00:00Z,948.780754,1049.775096
2026-01-12T14:00:00Z,963.620867,1064.3772
2026-01-12T15:00:00Z,942.074103,1050.125582
2026-01-12T16:00:00Z,947.711424,1054.601335
2026-01-12T17:00:00Z,947.192024,1059.023666
2026-01-12T18:00:00Z,915.655597,1092.888512
2026-01-12T19:00:00Z,911.077525,1078.347669
2026-01-12T20:00:00Z,946.995673,1045.487377
2026-01-12T21:00:00Z,927.629616,1093.530244
2026-01-12T22:00:00Z,957.734558,1054.071289
2026-01-12T23:00:00Z,965.437019,1063.787846
2026-01-13T00:00:00Z,848.446394,1090.329572
2026-01-13T01:00:00Z,851.670131,1083.003448
2026-01-13T02:00:00Z,917.294468,1050.343184
2026-01-13T03:00:00Z,908.849003,1048.5994
2026-01-13T04:00:00Z,836.277492,1090.315386
2026-01-13T05:00:00Z,911.51384,1051.235419
2026-01-13T06:00:00Z,912.179184,1051.385879
2026-01-13T07:00:00Z,816.364332,1050.087713
2026-01-13T08:00:00Z,798.149023,883.475276
2026-01-13T09:00:00Z,761.486243,847.955188
2026-01-13T10:00:00Z,782.386052,875.797406
2026-01-13T11:00:00Z,740.702594,979.912992
2026-01-13T12:00:00Z,774.469674,1001.286878
2026-01-13T13:00:00Z,782.349394,1014.134912
2026-01-13T14:00:00Z,774.557932,986.657315
2026-01-13T15:00:00Z,769.374989,1003.477878
2026-01-13T16:00:00Z,797.032569,1031.981546
2026-01-13T17:00:00Z,809.19815,1061.202803
2026-01-13T18:00:00Z,814.697101,1050.442891
2026-01-13T19:00:00Z,846.288401,1085.093184
2026-01-13T20:00:00Z,816.053789,1041.700455
2026-01-13T21:00:00Z,810.815529,1034.024469
2026-01-13T22:00:00Z,819.234763,1042.708982
2026-01-13T23:00:00Z,815.706807,1047.918924
2026-01-14T00:00:00Z,840.716536,1059.951495
2026-01-14T01:00:00Z,831.874538,1046.595313
2026-01-14T02:00:00Z,851.217298,1081.906148
2026-01-14T03:00:00Z,917.958532,1056.62515
2026-01-14T04:00:00Z,904.406417,1045.290095
2026-01-14T05:00:00Z,833.747546,1090.538878
2026-01-14T06:00:00Z,832.318913,1086.138643
2026-01-14T07:00:00Z,827.912183,1073.122963
2026-01-14T08:00:00Z,786.270525,1018.183191
2026-01-14T09:00:00Z,790.601118,1024.469863
2026-01-14T10:00:00Z,777.232213,1011.262309
2026-01-14T11:00:00Z,819.21358,1057.668475
2026-01-14T12:00:00Z,793.715341,994.957641
2026-01-14T13:00:00Z,800.054411,999.737137
2026-01-14T14:00:00Z,795.32136,976.674079
2026-01-14T15:00:00Z,797.677967,993.912859
2026-01-14T16:00:00Z,820.876563,1012.226226
2026-01-14T17:00:00Z,834.59616,1036.233166
2026-01-14T18:00:00Z,832.879901,1016.521619
2026-01-14T19:00:00Z,839.128916,1010.48988
2026-01-14T20:00:00Z,801.218767,965.348561
2026-01-14T21:00:00Z,810.669838,977.140425
2026-01-14T22:00:00Z,778.681549,843.317592
2026-01-14T23:00:00Z,769.955986,836.329123
2026-01-15T00:00:00Z,778.469958,826.744111
2026-01-15T01:00:00Z,798.224953,847.40545
2026-01-15T02:00:00Z,795.955529,849.767172
2026-01-15T03:00:00Z,809.752919,869.28146
2026-01-15T04:00:00Z,798.34519,860.28847
2026-01-15T05:00:00Z,784.367768,845.158192
2026-01-15T06:00:00Z,788.540789,848.533782
2026-01-15T07:00:00Z,787.933309,844.980303
2026-01-15T08:00:00Z,781.334011,837.996083
2026-01-15T09:00:00Z,757.243062,809.650227
2026-01-15T10:00:00Z,757.394999,810.081672
2026-01-15T11:00:00Z,813.26781,865.416698
2026-01-15T12:00:00Z,791.723076,836.122711
2026-01-15T13:00:00Z,809.482545,852.524075
2026-01-15T14:00:00Z,784.112811,821.362538
2026-01-15T15:00:00Z,773.640819,814.085571
2026-01-15T16:00:00Z,776.263305,813.130158
2026-01-15T17:00:00Z,783.697662,823.55334
2026-01-15T18:00:00Z,824.549148,862.384134
2026-01-15T19:00:00Z,892.633921,968.750741
2026-01-15T20:00:00Z,904.754412,993.750381
2026-01-15T21:00:00Z,890.247719,986.842323
2026-01-15T22:00:00Z,862.318503,965.978276
2026-01-15T23:00:00Z,847.637532,964.33844
2026-01-16T00:00:00Z,837.073362,875.296886
2026-01-16T01:00:00Z,833.626537,869.832708
2026-01-16T02:00:00Z,830.600436,870.818698
2026-01-16T03:00:00Z,808.529633,852.609116
2026-01-16T04:00:00Z,752.300163,793.947627
2026-01-16T05:00:00Z,730.472959,768.729391
2026-01-16T06:00:00Z,696.192306,729.922327
2026-01-16T07:00:00Z,694.113835,721.520354
2026-01-16T08:00:00Z,696.280474,721.68904
2026-01-16T09:00:00Z,669.928294,693.945401
2026-01-16T10:00:00Z,716.282793,740.401962
2026-01-16T11:00:00Z,679.542973,701.874083
2026-01-16T12:00:00Z,628.88753,639.820549
2026-01-16T13:00:00Z,615.428368,621.407937
2026-01-16T14:00:00Z,564.784634,565.056827
2026-01-16T15:00:00Z,555.148413,557.649431
2026-01-16T16:00:00Z,617.893255,618.901553
2026-01-16T17:00:00Z,631.719147,637.689553
2026-01-16T18:00:00Z,703.622874,706.822624
2026-01-16T19:00:00Z,753.658137,757.795783
2026-01-16T20:00:00Z,735.630139,741.668386
2026-01-16T21:00:00Z,708.221556,714.962478
2026-01-16T22:00:00Z,716.068333,723.794155
2026-01-16T23:00:00Z,703.316639,715.877312
2026-01-17T00:00:00Z,711.847318,725.38888
2026-01-17T01:00:00Z,686.379991,698.722756
2026-01-17T02:00:00Z,696.442894,711.513673
2026-01-17T03:00:00Z,687.942808,708.188352
2026-01-17T04:00:00Z,685.319369,706.173967
2026-01-17T05:00:00Z,701.287329,721.721013
2026-01-17T06:00:00Z,680.176475,699.84402
2026-01-17T07:00:00Z,617.605464,631.95027
2026-01-17T08:00:00Z,634.365538,644.246545
2026-01-17T09:00:00Z,609.985035,620.773522
2026-01-17T10:00:00Z,644.672521,655.758277
2026-01-17T11:00:00Z,622.321953,635.51566
2026-01-17T12:00:00Z,634.784228,640.88511
2026-01-17T13:00:00Z,744.555803,756.887444
2026-01-17T14:00:00Z,798.817618,815.977482
2026-01-17T15:00:00Z,797.125089,825.020584
2026-01-17T16:00:00Z,929.240454,972.239618
2026-01-17T17:00:00Z,944.085662,1008.128502
2026-01-17T18:00:00Z,983.063373,1032.927667
2026-01-17T19:00:00Z,994.670908,1036.689486
2026-01-17T20:00:00Z,1011.628557,1058.120569
2026-01-17T21:00:00Z,986.974159,1038.115707
2026-01-17T22:00:00Z,1032.398581,1082.622135
2026-01-17T23:00:00Z,1010.517167,1058.833074
2026-01-18T00:00:00Z,1012.366004,1117.609878
2026-01-18T01:00:00Z,978.309712,1074.913438
2026-01-18T02:00:00Z,923.6313,1086.949099
2026-01-18T03:00:00Z,902.487893,1073.147108
2026-01-18T04:00:00Z,921.067409,1094.286117
2026-01-18T05:00:00Z,950.602825,1050.236372
2026-01-18T06:00:00Z,924.006474,1091.351107
2026-01-18T07:00:00Z,999.069125,1099.456063
2026-01-18T08:00:00Z,996.982,1097.553216
2026-01-18T09:00:00Z,1011.228832,1115.814786
2026-01-18T10:00:00Z,1020.188993,1130.35798
2026-01-18T11:00:00Z,1010.898446,1120.741125
2026-01-18T12:00:00Z,1050.757596,1155.500786
2026-01-18T13:00:00Z,1024.934345,1128.083191
2026-01-18T14:00:00Z,1063.915545,1168.188052
2026-01-18T15:00:00Z,1051.639968,1165.451044
2026-01-18T16:00:00Z,1060.022934,1171.94942
2026-01-18T17:00:00Z,1037.757352,1151.677596
2026-01-18T18:00:00Z,1044.990724,1151.703434
2026-01-18T19:00:00Z,1055.584049,1158.976526
2026-01-18T20:00:00Z,1073.967006,1178.602755
2026-01-18T21:00:00Z,1072.173018,1175.732728
2026-01-18T22:00:00Z,1023.407348,1119.584976
2026-01-18T23:00:00Z,1031.809046,1131.426614
2026-01-19T00:00:00Z,980.853211,1094.050228
2026-01-19T01:00:00Z,998.623211,1110.550325
2026-01-19T02:00:00Z,1068.709789,1194.519419
2026-01-19T03:00:00Z,1011.293828,1130.825103
2026-01-19T04:00:00Z,983.768785,1097.736037
2026-01-19T05:00:00Z,993.682613,1107.728538
2026-01-19T06:00:00Z,1003.789522,1117.369027
2026-01-19T07:00:00Z,1005.556945,1114.078605
2026-01-19T08:00:00Z,1002.114783,1111.857675
2026-01-19T09:00:00Z,1025.23366,1141.025738
2026-01-19T10:00:00Z,1004.51166,1122.490538
2026-01-19T11:00:00Z,1079.033104,1211.71843
2026-01-19T12:00:00Z,1139.313954,1273.716954
2026-01-19T13:00:00Z,1107.279186,1241.157377
2026-01-19T14:00:00Z,1087.192987,1215.528438
2026-01-19T15:00:00Z,1076.742641,1216.044581
2026-01-19T16:00:00Z,1084.546732,1223.421632
2026-01-19T17:00:00Z,1074.197027,1217.471807
2026-01-19T18:00:00Z,1073.70135,1208.694566
2026-01-19T19:00:00Z,1079.789047,1211.311035
2026-01-19T20:00:00Z,1079.832132,1210.246145
2026-01-19T21:00:00Z,1087.390549,1218.224124
2026-01-19T22:00:00Z,1077.959364,1205.78474
2026-01-19T23:00:00Z,1025.524871,1145.67925
2026-01-20T00:00:00Z,960.945887,1138.276215
2026-01-20T01:00:00Z,962.608233,1134.861293
2026-01-20T02:00:00Z,973.64047,1148.493607
2026-01-20T03:00:00Z,966.907601,1147.826692
2026-01-20T04:00:00Z,916.748526,1086.225175
2026-01-20T05:00:00Z,906.248379,1076.392986
2026-01-20T06:00:00Z,882.873237,1048.152007
2026-01-20T07:00:00Z,766.45442,1058.562826
2026-01-20T08:00:00Z,905.626505,1069.947231
2026-01-20T09:00:00Z,768.434004,1065.080006
2026-01-20T10:00:00Z,756.152379,1072.485471
2026-01-20T11:00:00Z,771.959552,1092.448783
2026-01-20T12:00:00Z,942.127147,1108.136443
2026-01-20T13:00:00Z,927.889985,1095.330648
2026-01-20T14:00:00Z,910.780657,1068.56205
2026-01-20T15:00:00Z,908.31777,1076.72143
2026-01-20T16:00:00Z,887.879767,1046.427433
2026-01-20T17:00:00Z,890.52629,1055.345935
2026-01-20T18:00:00Z,963.931484,1128.658262
2026-01-20T19:00:00Z,996.557813,1167.916487
2026-01-20T20:00:00Z,987.854177,1159.335926
2026-01-20T21:00:00Z,1000.122355,1172.550761
2026-01-20T22:00:00Z,950.940909,1108.679382
2026-01-20T23:00:00Z,896.40543,1047.711725
2026-01-21T00:00:00Z,794.41728,1046.495293
2026-01-21T01:00:00Z,768.714626,1000.71954
2026-01-21T02:00:00Z,754.393385,994.640714
2026-01-21T03:00:00Z,734.149331,986.371166
2026-01-21T04:00:00Z,723.604396,982.639312
2026-01-21T05:00:00Z,717.500475,978.054227
2026-01-21T06:00:00Z,752.387525,848.891882
2026-01-21T07:00:00Z,776.115922,875.489346
2026-01-21T08:00:00Z,739.688494,998.370311
2026-01-21T09:00:00Z,748.158979,1026.83552
2026-01-21T10:00:00Z,761.73502,1055.000804
2026-01-21T11:00:00Z,750.248798,1040.679538
2026-01-21T12:00:00Z,789.772775,1056.305383
2026-01-21T13:00:00Z,804.087858,1074.179248
2026-01-21T14:00:00Z,765.594187,988.23652
2026-01-21T15:00:00Z,794.793429,887.748599
2026-01-21T16:00:00Z,794.594273,884.381171
2026-01-21T17:00:00Z,779.374297,1018.832115
2026-01-21T18:00:00Z,789.99715,1016.925578
2026-01-21T19:00:00Z,837.516001,1060.009593
2026-01-21T20:00:00Z,825.222002,1042.395374
2026-01-21T21:00:00Z,819.163674,1021.399467
2026-01-21T22:00:00Z,832.188254,1034.210328
2026-01-21T23:00:00Z,803.667237,880.281492
2026-01-22T00:00:00Z,820.103004,872.825104
2026-01-22T01:00:00Z,764.474548,814.275842
2026-01-22T02:00:00Z,750.071064,802.460188
2026-01-22T03:00:00Z,752.767526,811.215445
2026-01-22T04:00:00Z,751.440349,812.146381
2026-01-22T05:00:00Z,744.597338,805.52359
2026-01-22T06:00:00Z,732.735576,794.799317
2026-01-22T07:00:00Z,739.650003,797.061594
2026-01-22T08:00:00Z,720.169775,770.646684
2026-01-22T09:00:00Z,706.027867,750.725954
2026-01-22T10:00:00Z,742.819022,787.716942
2026-01-22T11:00:00Z,759.485185,805.383791
2026-01-22T12:00:00Z,755.953687,791.682025
2026-01-22T13:00:00Z,782.75806,817.24897
2026-01-22T14:00:00Z,756.930618,787.814328
2026-01-22T15:00:00Z,775.318658,811.313118
2026-01-22T16:00:00Z,772.852076,806.6053
2026-01-22T17:00:00Z,752.600154,786.372466
2026-01-22T18:00:00Z,784.201958,813.478841
2026-01-22T19:00:00Z,780.960857,809.745409
2026-01-22T20:00:00Z,778.554372,810.256601
2026-01-22T21:00:00Z,756.868055,791.644867
2026-01-22T22:00:00Z,752.85915,790.292861
2026-01-22T23:00:00Z,727.737889,771.585495
2026-01-23T00:00:00Z,748.545327,777.800451
2026-01-23T01:00:00Z,733.333812,763.127394
2026-01-23T02:00:00Z,738.33621,772.267974
2026-01-23T03:00:00Z,752.110872,791.629518
2026-01-23T04:00:00Z,743.727563,784.100473
2026-01-23T05:00:00Z,756.593528,796.575393
2026-01-23T06:00:00Z,734.947441,773.150464
2026-01-23T07:00:00Z,768.845566,803.109541
2026-01-23T08:00:00Z,755.593559,789.974408
2026-01-23T09:00:00Z,786.956881,821.346837
2026-01-23T10:00:00Z,804.553492,840.629644
2026-01-23T11:00:00Z,827.78093,862.415576
2026-01-23T12:00:00Z,806.209685,832.428983
2026-01-23T13:00:00Z,814.578546,838.184144
2026-01-23T14:00:00Z,808.493265,828.693489
2026-01-23T15:00:00Z,798.286864,823.353378
2026-01-23T16:00:00Z,814.499354,837.243581
2026-01-23T17:00:00Z,827.781011,854.968403
2026-01-23T18:00:00Z,854.116557,876.792202
2026-01-23T19:00:00Z,941.68336,966.540686
2026-01-23T20:00:00Z,958.413042,988.409803
2026-01-23T21:00:00Z,857.01707,883.27689
2026-01-23T22:00:00Z,845.365685,870.770335
2026-01-23T23:00:00Z,832.632994,862.237945
2026-01-24T00:00:00Z,840.792139,868.62211
2026-01-24T01:00:00Z,851.351853,878.44119
2026-01-24T02:00:00Z,859.818671,890.294422
2026-01-24T03:00:00Z,844.473794,878.334471
2026-01-24T04:00:00Z,833.467293,866.494233
2026-01-24T05:00:00Z,859.125932,891.01175
2026-01-24T06:00:00Z,917.57166,970.592522
2026-01-24T07:00:00Z,942.755567,985.188086
2026-01-24T08:00:00Z,866.934227,895.620791
2026-01-24T09:00:00Z,818.128163,844.674838
2026-01-24T10:00:00Z,866.039791,892.219428
2026-01-24T11:00:00Z,853.38557,880.974665
2026-01-24T12:00:00Z,876.050765,897.222252
2026-01-24T13:00:00Z,862.630255,885.744076
2026-01-24T14:00:00Z,849.424376,869.78282
2026-01-24T15:00:00Z,860.306798,887.790123
2026-01-24T16:00:00Z,852.787578,879.500684
2026-01-24T17:00:00Z,961.827422,1014.472333
2026-01-24T18:00:00Z,949.688251,991.824687
2026-01-24T19:00:00Z,977.418162,1009.058502
2026-01-24T20:00:00Z,964.270464,995.974454
2026-01-24T21:00:00Z,940.993813,974.823406
2026-01-24T22:00:00Z,1006.027731,1047.218478
2026-01-24T23:00:00Z,1011.20876,1064.370132
2026-01-25T00:00:00Z,881.36064,1037.91865
2026-01-25T01:00:00Z,889.816188,1038.667954
2026-01-25T02:00:00Z,928.220594,1089.215387
2026-01-25T03:00:00Z,953.987214,1053.958883
2026-01-25T04:00:00Z,953.823602,1053.266421
2026-01-25T05:00:00Z,977.410735,1077.702031
2026-01-25T06:00:00Z,969.582781,1067.836652
2026-01-25T07:00:00Z,973.633389,1068.08039
2026-01-25T08:00:00Z,1006.859008,1105.089112
2026-01-25T09:00:00Z,1035.45982,1138.701539
2026-01-25T10:00:00Z,1015.419088,1121.617135
2026-01-25T11:00:00Z,978.059734,1082.383412
2026-01-25T12:00:00Z,983.753779,1079.581238
2026-01-25T13:00:00Z,1023.730474,1126.187163
2026-01-25T14:00:00Z,1015.997496,1114.571843
2026-01-25T15:00:00Z,989.363687,1096.091489
2026-01-25T16:00:00Z,992.29335,1096.981245
2026-01-25T17:00:00Z,991.846079,1101.024241
2026-01-25T18:00:00Z,997.14766,1098.872092
2026-01-25T19:00:00Z,1030.152463,1131.463597
2026-01-25T20:00:00Z,1026.881764,1126.51691
2026-01-25T21:00:00Z,1039.711663,1140.152969
2026-01-25T22:00:00Z,1043.460591,1141.739051
2026-01-25T23:00:00Z,1070.342251,1173.939398
2026-01-26T00:00:00Z,1030.432115,1151.815167
2026-01-26T01:00:00Z,1045.224816,1163.443548
2026-01-26T02:00:00Z,1038.611689,1158.437615
2026-01-26T03:00:00Z,1025.89897,1146.946258
2026-01-26T04:00:00Z,1052.351402,1176.565174
2026-01-26T05:00:00Z,1061.92378,1186.443983
2026-01-26T06:00:00Z,1043.109454,1163.373742
2026-01-26T07:00:00Z,1058.074811,1176.608113
2026-01-26T08:00:00Z,1027.624075,1142.153669
2026-01-26T09:00:00Z,1046.733582,1167.435046
2026-01-26T10:00:00Z,1073.713094,1204.629901
2026-01-26T11:00:00Z,1026.126729,1152.451616
2026-01-26T12:00:00Z,1038.90529,1158.787475
2026-01-26T13:00:00Z,1055.437975,1180.462421
2026-01-26T14:00:00Z,1047.780564,1168.479847
2026-01-26T15:00:00Z,1021.978554,1150.493138
2026-01-26T16:00:00Z,1032.593307,1160.651984
2026-01-26T17:00:00Z,1027.587023,1159.749179
2026-01-26T18:00:00Z,1028.749646,1152.214786
2026-01-26T19:00:00Z,1048.436118,1170.175641
2026-01-26T20:00:00Z,1077.177416,1202.465781
2026-01-26T21:00:00Z,1065.605216,1187.729699
2026-01-26T22:00:00Z,1087.467693,1211.070624
2026-01-26T23:00:00Z,1050.375155,1167.772482
2026-01-27T00:00:00Z,1002.345554,1171.124031
2026-01-27T01:00:00Z,1021.825506,1188.957488
2026-01-27T02:00:00Z,1024.09184,1195.799737
2026-01-27T03:00:00Z,1014.233934,1189.701016
2026-01-27T04:00:00Z,1011.030512,1184.307049
2026-01-27T05:00:00Z,1034.251378,1210.188407
2026-01-27T06:00:00Z,999.742023,1168.293892
2026-01-27T07:00:00Z,990.44188,1153.979164
2026-01-27T08:00:00Z,979.918985,1143.912444
2026-01-27T09:00:00Z,991.053934,1158.62955
2026-01-27T10:00:00Z,981.241399,1150.93799
2026-01-27T11:00:00Z,988.024179,1160.11722
2026-01-27T12:00:00Z,999.296862,1162.451893
2026-01-27T13:00:00Z,1032.445761,1201.994739
2026-01-27T14:00:00Z,946.929533,1090.449361
2026-01-27T15:00:00Z,919.331416,1078.011702
2026-01-27T16:00:00Z,915.598147,1071.402465
2026-01-27T17:00:00Z,800.736907,1089.763553
2026-01-27T18:00:00Z,899.878501,1052.922899
2026-01-27T19:00:00Z,816.261301,1090.611578
2026-01-27T20:00:00Z,801.329302,1067.107591
2026-01-27T21:00:00Z,793.851845,1061.908092
2026-01-27T22:00:00Z,795.144186,1057.329179
2026-01-27T23:00:00Z,804.486714,1081.178538
2026-01-28T00:00:00Z,908.911654,1054.915278
2026-01-28T01:00:00Z,827.431606,1083.39586
2026-01-28T02:00:00Z,808.067152,1065.062943
2026-01-28T03:00:00Z,804.364846,1075.456513
2026-01-28T04:00:00Z,744.488979,986.350716
2026-01-28T05:00:00Z,741.753649,986.217003
2026-01-28T06:00:00Z,735.106816,978.462196
2026-01-28T07:00:00Z,749.579481,992.660816
2026-01-28T08:00:00Z,744.603777,993.133229
2026-01-28T09:00:00Z,815.545454,1080.474511
2026-01-28T10:00:00Z,764.87595,1029.994027
2026-01-28T11:00:00Z,775.638873,1039.995749
2026-01-28T12:00:00Z,814.116403,1057.004614
2026-01-28T13:00:00Z,808.110014,1032.541777
2026-01-28T14:00:00Z,824.810069,1041.287543
2026-01-28T15:00:00Z,831.888233,1069.430694
2026-01-28T16:00:00Z,831.44419,1058.106044
2026-01-28T17:00:00Z,814.818023,1049.838831
2026-01-28T18:00:00Z,829.591754,1043.957131
2026-01-28T19:00:00Z,812.361704,1010.200457
2026-01-28T20:00:00Z,808.206804,1003.502164
2026-01-28T21:00:00Z,814.791054,1013.125076
2026-01-28T22:00:00Z,808.693076,884.512299
2026-01-28T23:00:00Z,781.689229,966.450569
2026-01-29T00:00:00Z,834.276838,963.109469
2026-01-29T01:00:00Z,840.336269,970.469578
2026-01-29T02:00:00Z,824.63626,887.439612
2026-01-29T03:00:00Z,826.198085,894.203679
2026-01-29T04:00:00Z,795.323469,863.380169
2026-01-29T05:00:00Z,802.498331,871.441853
2026-01-29T06:00:00Z,797.672086,866.198211
2026-01-29T07:00:00Z,804.678248,870.936141
2026-01-29T08:00:00Z,806.878454,873.136769
2026-01-29T09:00:00Z,819.075075,881.86497
2026-01-29T10:00:00Z,825.078892,978.409223
2026-01-29T11:00:00Z,832.015909,894.628457
2026-01-29T12:00:00Z,861.168649,971.38435
2026-01-29T13:00:00Z,870.449186,980.39579
2026-01-29T14:00:00Z,828.878134,872.906724
2026-01-29T15:00:00Z,830.45456,878.564445
2026-01-29T16:00:00Z,883.049414,979.238982
2026-01-29T17:00:00Z,862.662627,968.973317
2026-01-29T18:00:00Z,876.515766,969.892679
2026-01-29T19:00:00Z,848.599461,893.620345
2026-01-29T20:00:00Z,866.868547,962.297474
2026-01-29T21:00:00Z,882.028725,986.670281
2026-01-29T22:00:00Z,895.340781,1014.135745
2026-01-29T23:00:00Z,900.392415,1034.615451
2026-01-30T00:00:00Z,997.530256,1093.2409
2026-01-30T01:00:00Z,981.224261,1046.071256
2026-01-30T02:00:00Z,980.36842,1051.632616
2026-01-30T03:00:00Z,972.4874,1049.985908
2026-01-30T04:00:00Z,970.617256,1049.619221
2026-01-30T05:00:00Z,958.809313,1084.272843
2026-01-30T06:00:00Z,991.026443,1067.121033
2026-01-30T07:00:00Z,1036.321426,1111.428809
2026-01-30T08:00:00Z,999.581376,1073.449375
2026-01-30T09:00:00Z,1050.773784,1124.268987
2026-01-30T10:00:00Z,1024.630633,1099.828761
2026-01-30T11:00:00Z,1018.52742,1090.3824
2026-01-30T12:00:00Z,1009.421671,1066.827069
2026-01-30T13:00:00Z,1033.048364,1088.546293
2026-01-30T14:00:00Z,1008.131724,1079.049433
2026-01-30T15:00:00Z,1022.464807,1080.1606
2026-01-30T16:00:00Z,1024.648395,1080.819852
2026-01-30T17:00:00Z,998.371255,1058.075455
2026-01-30T18:00:00Z,1060.246509,1116.608739
2026-01-30T19:00:00Z,1113.126762,1176.436317
2026-01-30T20:00:00Z,1079.213942,1143.326544
2026-01-30T21:00:00Z,1074.523622,1136.990121
2026-01-30T22:00:00Z,1067.588105,1129.616898
2026-01-30T23:00:00Z,1059.413967,1126.193196
2026-01-31T00:00:00Z,1061.598452,1122.036285
2026-01-31T01:00:00Z,1087.311296,1146.662672
2026-01-31T02:00:00Z,1065.380248,1127.030637
2026-01-31T03:00:00Z,1060.803888,1126.324216
2026-01-31T04:00:00Z,1071.173498,1136.792433
2026-01-31T05:00:00Z,1076.77235,1142.329873
2026-01-31T06:00:00Z,1061.700678,1122.803316
2026-01-31T07:00:00Z,1074.221997,1127.347962
2026-01-31T08:00:00Z,1029.135653,1081.388075
2026-01-31T09:00:00Z,1033.628701,1080.399257
2026-01-31T10:00:00Z,1048.366253,1099.227083
2026-01-31T11:00:00Z,1019.430249,1071.35895
2026-01-31T12:00:00Z,1046.494333,1088.687707
2026-01-31T13:00:00Z,1018.56842,1062.481595
2026-01-31T14:00:00Z,1037.725352,1086.360156
2026-01-31T15:00:00Z,1007.971546,1068.182968
2026-01-31T16:00:00Z,1009.029941,1054.635789
2026-01-31T17:00:00Z,1016.311247,1071.36879
2026-01-31T18:00:00Z,1062.048839,1112.542177
2026-01-31T19:00:00Z,1020.419588,1064.125093
2026-01-31T20:00:00Z,1045.243,1089.883159
2026-01-31T21:00:00Z,1027.948236,1072.919015
2026-01-31T22:00:00Z,1042.710104,1094.087219
2026-01-31T23:00:00Z,1021.514161,1068.825371
